分野,年度,試験
四則計算・逆算,2025,1回
四則計算・逆算,2025,1回
四則計算・逆算,2025,2回
四則計算・逆算,2025,2回
四則計算・逆算,2024,1回
四則計算・逆算,2024,2回
四則計算・逆算,2023,1回
四則計算・逆算,2023,2回
四則計算・逆算,2022,1回
四則計算・逆算,2022,2回
四則計算・逆算,2021,1回
四則計算・逆算,2021,1回
四則計算・逆算,2021,2回
四則計算・逆算,2021,2回
計算のくふう,2024,1回
計算のくふう,2024,2回
計算のくふう,2023,1回
計算のくふう,2023,2回
計算のくふう,2022,1回
計算のくふう,2022,2回
消去算,2024,1回
つるかめ算,2025,1回
つるかめ算,2021,2回
過不足算・差集め算,2023,2回
過不足算・差集め算,2022,1回
集まり,2024,1回
年齢算,2022,2回
割合と比,2025,1回
割合と比,2023,1回
還元算・相当算,2024,1回
還元算・相当算,2024,2回
売買損益,2022,2回
売買損益,2021,1回
濃度,2025,1回
濃度,2023,1回
濃度,2022,1回
濃度,2021,1回
濃度,2021,2回
仕事算,2025,1回
仕事算,2025,2回
仕事算,2023,2回
仕事算,2022,2回
ニュートン算,2022,1回
ニュートン算,2021,1回
速さ,2021,2回
旅人算,2025,1回
旅人算,2025,2回
旅人算,2024,1回
旅人算,2024,2回
旅人算,2023,1回
旅人算,2023,1回
旅人算,2023,2回
旅人算,2022,1回
旅人算,2022,2回
流水算,2023,1回
時計算,2023,2回
速さと比,2025,2回
速さと比,2025,2回
速さと比,2024,2回
速さと比,2023,1回
速さと比,2022,1回
速さと比,2021,2回
角度・面積・長さ,2025,2回
角度・面積・長さ,2024,1回
角度・面積・長さ,2024,2回
角度・面積・長さ,2024,2回
角度・面積・長さ,2023,2回
角度・面積・長さ,2022,1回
角度・面積・長さ,2022,1回
角度・面積・長さ,2021,1回
辺の比と面積の比・相似,2025,1回
辺の比と面積の比・相似,2025,2回
辺の比と面積の比・相似,2024,1回
辺の比と面積の比・相似,2024,2回
辺の比と面積の比・相似,2023,1回
辺の比と面積の比・相似,2023,2回
辺の比と面積の比・相似,2023,2回
辺の比と面積の比・相似,2022,1回
辺の比と面積の比・相似,2022,2回
辺の比と面積の比・相似,2021,1回
辺の比と面積の比・相似,2021,1回
辺の比と面積の比・相似,2021,2回
辺の比と面積の比・相似,2021,2回
体積・表面積,2025,2回
水の深さと体積,2025,1回
水の深さと体積,2022,2回
水の深さと体積,2021,1回
水の深さと体積,2021,2回
構成・分割,2025,2回
構成・分割,2023,1回
構成・分割,2022,1回
構成・分割,2021,2回
図形・点の移動,2025,1回
図形・点の移動,2024,1回
図形・点の移動,2024,2回
図形・点の移動,2023,2回
図形・点の移動,2022,2回
図形・点の移動,2021,2回
表とグラフ,2025,1回
表とグラフ,2024,1回
表とグラフ,2024,2回
表とグラフ,2023,1回
表とグラフ,2023,1回
表とグラフ,2023,2回
表とグラフ,2023,2回
表とグラフ,2022,1回
表とグラフ,2022,2回
表とグラフ,2021,1回
表とグラフ,2021,2回
約束記号・文字式,2021,1回
整数・小数・分数の性質,2025,1回
整数・小数・分数の性質,2025,2回
整数・小数・分数の性質,2024,1回
整数・小数・分数の性質,2023,1回
整数・小数・分数の性質,2021,1回
整数・小数・分数の性質,2021,2回
周期算,2024,2回
周期算,2021,1回
数列,2025,2回
数列,2023,1回
数列,2023,2回
数列,2021,1回
数列,2021,2回
数列,2021,2回
図形と規則,2024,1回
場合の数,2025,1回
場合の数,2025,1回
場合の数,2024,1回
場合の数,2024,1回
場合の数,2024,2回
場合の数,2023,1回
場合の数,2023,2回
場合の数,2022,1回
場合の数,2022,2回
場合の数,2021,1回
場合の数,2021,2回
調べ・推定・条件の整理,2025,2回
